{
  "project_info": {
    "project_number": "301647147021",
    "firebase_url": "https://kitchen-management-9cc6c-default-rtdb.firebaseio.com",
    "project_id": "kitchen-management-9cc6c",
    "storage_bucket": "kitchen-management-9cc6c.appspot.com"
  },
  "client": [
    {
      "client_info": {
        "mobilesdk_app_id": "1:301647147021:android:7a1a60db6578bf9f92e544",
        "android_client_info": {
          "package_name": "com.dineout"
        }
      },
      "oauth_client": [],
      "api_key": [
        {
          "current_key": "AIzaSyCoKDvnoOZl0oofU7ZxxLea_R4Bv8xcxpg"
        }
      ],
      "services": {
        "appinvite_service": {
          "other_platform_oauth_client": []
        }
      }
    }
  ],
  "configuration_version": "1"
}
